Curso,Sexo,¿Quién es Richard Stallman?,¿Sabes qué características tiene el software libre?,¿Debe ser el software libre siempre gratuito?,¿Puedo proteger mi trabajo con alguna licencia y que siga siendo software libre?,¿Conoces alguna licencia de software?,¿Cuáles?,¿Liberarías tu código con una licencia Creative Commons?,Marca cuáles de los siguientes programas crees que tienen una licencia libre,¿Qué es el copyright?,¿Qué es el copyleft?,¿Cúal se aplica por defecto ante ausencia de licencia de una obra?,¿Cuántos años dura el copyright en España?,¿Qué ocurre pasado ese tiempo con la obra?,¿Conoces GitHub?,¿Has subido algún proyecto a GitHub?,¿Qué significa hacer un fork de un proyecto?
2,M,Precursor del software libre,El usuario puede modificarlo,NS/NC,Sí,No,,Depende,,Derechos de autor,NS/NC,NS/NC,20 - 25 años después de la muerte del autor,Libre,Sí,Sí,NS/NC
2,M,"Precursor del software libre, filósofo",Código abierto,NS/NC,Sí,No,,NS/NC,"uTorrent, Eclipse, Mozilla Firefox",Derechos de autor sobre un producto,NS/NC,NS/NC,30 años,Libre,Sí,No,Crear una rama nueva a partir de un proyecto ya existente
2,M,NS/NC,Abierto a la modificación por otros programadores,NS/NC,Sí,Sí,CC,Depende del código,"uTorrent, Eclipse, Mozilla Firefox",Derechos de autor,NS/NC,NS/NC,5 años,NS/NC,Sí,Sí,NS/NC
2,M,NS/NC,NS/NC,NS/NC,Sí,No,,NS/NC,Eclipse,Derechos de autor,NS/NC,NS/NC,NS/NC,NS/NC,Sí,Sí,Separar un proyecto en varias ramas
2,M,NS/NC,NS/NC,NS/NC,Sí,Sí,"VLC, Firefox",Si quiere compartir algún proyecto que quisiera que la gente mejorara libremente,Mozilla Firefox,Derechos de autor,NS/NC,NS/NC,Ilimitado,Ilimitado,Sí,Sí,Copiar proyecto de otra persona para hacer tus propias modificaciones
1,F,NS/NC,NS/NC,NS/NC,Sí,No,,NS/NC,"Google Chrome, uTorrent, Mozilla Firefox, Telegram",Derechos de autor,NS/NC,NS/NC,NS/NC,NS/NC,No,No,NS/NC
1,F,NS/NC,NS/NC,NS/NC,Sí,No,,NS/NC,"Google Chrome, Mozilla Firefox",Derechos de autor,NS/NC,NS/NC,NS/NC,NS/NC,No,No,NS/NC
1,M,NS/NC,NS/NC,NS/NC,Sí,No,,NS/NC,"uTorrent, Eclipse",NS/NC,NS/NC,NS/NC,NS/NC,NS/NC,No,No,NS/NC
2,M,NS/NC,Se puede modificar el código,No,Sí,Sí,"CC, GPL","Depende, por contribuir a la comunidad informática","uTorrent, Eclipse, Mozilla Firefox",NS/NC,NS/NC,Copyright,NS/NC,NS/NC,Sí,Sí,Copiar para editarlo por tu cuenta
1,F,NS/NC,Público y gratuito,Sí,Sí,No,,NS/NC,"Google Chrome, uTorrent, Eclipse, Mozilla Firefox",NS/NC,NS/NC,NS/NC,NS/NC,NS/NC,Sí,No,NS/NC
2,F,NS/NC,Uso libre,NS/NC,Sí,No,,NS/NC,"Google Chrome, Mozilla Firefox",Derechos de autor,NS/NC,NS/NC,NS/NC,NS/NC,Sí,Sí,NS/NC
2,F,Uno de los creadores del software libre,Se puede trabajar con su código,NS/NC,Sí,No,,Sí,"uTorrent, Eclipse, Mozilla Firefox",Licencia del autor sobre su producto,NS/NC,NS/NC,50 años,Deja de tener derechos de autor,Sí,Sí,Copiar un proyecto
2,M,Creador de UNIX,"Abierto, modificable y redistribuible.",No,Sí,Sí,GPL,Depende,"uTorrent, Eclipse, Mozilla Firefox",Derechos de autor,GPL,NS/NC,70 años despues de la muerte del autor,NS/NC,Sí,Sí,Copiar un proyecto y modificarlo independientemente del original
2,M,Creadores del movimiento de software libre,A disposición de todos gratuitamente,Sí,Sí,Sí,GPL,"Sí, para compartirlo con todo el mundo.","Eclipse, Mozilla Firefox",Declara la propiedad,NS/NC,NS/NC,50 años,Libre,Sí,Sí,Abrir una rama
2,M,NS/NC,Descarga gratuita,Sí,Sí,Sí,Copyright,NS/NC,"Google Chrome, uTorrent, Eclipse, Mozilla Firefox, Microsoft Office",Restricción de compartir obras,NS/NC,NS/NC,NS/NC,NS/NC,Sí,Sí,NS/NC
1,M,NS/NC,NS/NC,No,Sí,No,,"Sí, porque lo hace mi profesor de algebra","uTorrent, Microsoft Office, Telegram",Derechos de autor,NS/NC,NS/NC,80 años,NS/NC,No,No,NS/NC
1,M,NS/NC,Se puede ver el código y modificarlo,No,Sí,Sí,CC,Depende de si me interesa que la gente pudiese modificarlo o lucrarme con ello,"uTorrent, Mozilla Firefox, Telegram",Derechos de autor,NS/NC,NS/NC,Unos años después de la muerte del autor,NS/NC,No,No,NS/NC
1,M,NS/NC,Se puede ver el código y modificarlo,NS/NC,Sí,No,,"Sí, ya que es más seguro","Google Chrome, Telegram",Derechos de autor,NS/NC,NS/NC,Hasta la muerte del autor,Público o subasta,No,No,NS/NC
1,M,NS/NC,No,NS/NC,Sí,Sí,CC,¿Por qué no?,"Eclipse, Mozilla Firefox, Telegram",Derechos de autor,Garantiza el acceso de todos al uso de tu proyecto,Copyleft,NS/NC,NS/NC,Sí,No,NS/NC
1,M,NS/NC,Abierto a modificación,No,Sí,No,,"No, creo que hay mejores (menos exigentes)","Eclipse, Mozilla Firefox, Telegram",Licencia de pago,Licencia que no es de pago,Copyleft,NS/NC,Libre,Sí,Sí,NS/NC
1,M,Informático que ha escrito libros sobre el software libre,Se puede modificar,No,Sí,No,,NS/NC,"Eclipse, Mozilla Firefox",NS/NC,NS/NC,NS/NC,NS/NC,NS/NC,No,No,NS/NC
1,M,NS/NC,Código que se puede modificar,NS/NC,Sí,Sí,CC,NS/NC,"Eclipse, Mozilla Firefox, Telegram",NS/NC,NS/NC,NS/NC,NS/NC,NS/NC,Sí,No,NS/NC
1,M,NS/NC,NS/NC,Sí,Sí,Sí,CC,Depende del trabajo que haya hecho,"Eclipse, Mozilla Firefox, Telegram",Más restrictivo respecto a la autoria,Más libre,Copyleft,50 años,NS/NC,Sí,No,NS/NC
1,F,NS/NC,Cualquiera puede cambiar el código,No,Sí,No,,"Sí, porque lo hace mi profesor de algebra","Eclipse, Telegram",NS/NC,NS/NC,NS/NC,50 años,NS/NC,Sí,No,NS/NC
1,F,NS/NC,Se puede descargar sin necesidad de pagarlo,Sí,NS/NC,NS/NC,,NS/NC,"Google Chrome, uTorrent, Mozilla Firefox",Derecho de autor. Prohibe la reproducción de una obra sin la autorización del autor,NS/NC,NS/NC,NS/NC,Libre,No,No,NS/NC
1,M,NS/NC,Software cuyo código lo puede consultar todo el mundo,No,Sí,No,,"Sí, creo que es fiable.","uTorrent, Mozilla Firefox, Telegram",Licencia para proteger una obra.,Licencia para proteger una obra.,Copyright,20 años,NS/NC,No,No,Ver el código e intentar mejorarlo
1,M,NS/NC,El código puede ser cambiado por cualquier usuario,Sí,NS/NC,Sí,Photoshop,NS/NC,"uTorrent, Telegram",Derechos de autor para que no le copien,NS/NC,NS/NC,20 años,Cualquiera puede desarrollar tu idea sin tu permiso,No,No,NS/NC
1,M,NS/NC,Se puede ver el código y se puede modificar,NS/NC,Sí,No,,Depende de las restricciones que ponga,"uTorrent, Mozilla Firefox, Telegram",NS/NC,NS/NC,NS/NC,50 años,NS/NC,No,No,NS/NC
1,M,Fundador de la filosofía y software libre,Accesible y modificable por todo el mundo,No,Sí,Sí,"GNU, CC","Sí, permite mantener el reconocimiento y a la vez compartirlo por todo el mundo","Mozilla Firefox, Telegram",No puedes modificar el código ni compartirlo sin permiso del creador,NS/NC,NS/NC,NS/NC,NS/NC,Sí,No,Tomar un proyecto y crear uno derivado
1,M,NS/NC,NS/NC,NS/NC,Sí,NS/NC,,"Sí, permite tener un control sobre tu trabajo y mantener la autoría a la vez que se hace público","Eclipse, Mozilla Firefox, Telegram",NS/NC,NS/NC,NS/NC,NS/NC,NS/NC,No,No,NS/NC
1,M,NS/NC,Accesible a todo el mundo. Los ingresos se obtienen de donaciones o publicidad.,NS/NC,Sí,Sí,CC,NS/NC,"Google Chrome, uTorrent, Eclipse, Mozilla Firefox",Impide que se pueda distribuir el trabajo de una persona sin su permiso,NS/NC,NS/NC,50 años,NS/NC,No,No,NS/NC
1,M,NS/NC,Público y aquel que utilice el código fuente de un software libre debe mantenerlo como software libre,NS/NC,Sí,Sí,CC,"Sí, porque la gente podría aprovechar de ello para un fin mayor","uTorrent, Eclipse, Mozilla Firefox, Telegram",Imperativos judiciales que regulan el software,NS/NC,NS/NC,NS/NC,Libre,No,No,NS/NC
1,M,Creador de GNU,Acceso al código fuente,No,Sí,Sí,CC,"Sí, para colaborar","uTorrent, Eclipse, Mozilla Firefox, Telegram",Tipo de derecho,Tipo de derecho,Copyright,20 años,Libre,No,No,Copiar un proyecto
1,M,NS/NC,NS/NC,No,Sí,No,,"Sí, para hacer un aporte sin que me lo roben","uTorrent, Eclipse, Mozilla Firefox, Telegram",Reconocimiento de la autoría de una obra y prohibición de su explotación por gente no autorizada,Acto de compartir la obra,Copyleft,50 años,Se puede explotar por cualquiera,No,No,NS/NC
1,M,NS/NC,NS/NC,Sí,Sí,No,,Sí,"Mozilla Firefox, Telegram",Licencia,NS/NC,NS/NC,NS/NC,Público,No,No,NS/NC
3,M,NS/NC,Se puede alterar el funcionamiento del mismo al gusto,Sí,NS/NC,Sí,Microsoft Word,"No, el código me lo curro yo","uTorrent, Eclipse, Telegram",Lo que regula a quien pertenece la creación,NS/NC,NS/NC,Unos años después de la muerte del autor,Se suele poder usar esa obra,No,No,Duplicado o copia de un proyecto
2,M,Importante hombre en la informática,Gratis,Sí,Sí,No,,NS/NC,"Google Chrome, uTorrent, Eclipse, Mozilla Firefox, Microsoft Office, Telegram",Derechos de autor,Que no tiene derechos de autor,Copyright,Hasta la muerte del autor,Libre,No,No,NS/NC
3,M,Eminente defensor del software libre,De uso público gratuito,Sí,No,No,,NS/NC,Telegram,Impedimento legal para copiar,NS/NC,NS/NC,NS/NC,NS/NC,No,No,NS/NC
3,M,NS/NC,NS/NC,No,Sí,Sí,CC,NS/NC,"Eclipse, Mozilla Firefox",Derecho de propiedad,NS/NC,NS/NC,NS/NC,Libre,Sí,No,NS/NC
2,M,NS/NC,NS/NC,No,Sí,Sí,CC,Según el proyecto,"Eclipse, Mozilla Firefox",Derecho de propiedad intelectual,NS/NC,NS/NC,NS/NC,NS/NC,Sí,Sí,Continuación de un proyecto por otra persona
1,M,NS/NC,El código puede ser modificado,No,Sí,Sí,CC,"Sí, para que cualquiera pudiera hacer lo que quiera con mi software",Telegram,Demuestra que el software es de una persona,NS/NC,NS/NC,NS/NC,NS/NC,Sí,No,NS/NC
2,M,Creador del movimiento GNU y gran defensor del software libre,Acceso a todos los niveles y puede ser modificado por el usuario,No,Sí,Sí,"GNU, GPL, LGPL","Sí, opino que compartir es la mejor forma de incentivar a que el resto comparta también sus creaciones",Mozilla Firefox,NS/NC,NS/NC,Copyright,NS/NC,NS/NC,Sí,Sí,NS/NC
3,M,NS/NC,NS/NC,No,Sí,No,,NS/NC,uTorrent,Derechos de copia,NS/NC,NS/NC,NS/NC,NS/NC,Sí,Sí,"Hacer una copia, que se espera que tenga una funcionalidad distinta del original"
2,M,NS/NC,Codigo abierto,Sí,Sí,No,,NS/NC,Eclipse,NS/NC,NS/NC,NS/NC,NS/NC,NS/NC,Sí,No,Crear un repositorio a partir de otro
3,M,Creador del kernel de Linux,"Software cuyo código fuente puede ser accedido, modificado y reproducido.","No, Ubuntu es de pago para empresas",Sí,Sí,CC,"Sí, considero que las licencias restrictivas sólo limitan la difusión y creación de conocimiento","uTorrent, Eclipse, Mozilla Firefox",Derecho reservado de copia,Ausencia de copyright,Copyleft,40 años,Pasa a ser dominio público,Sí,Sí,Copiar un proyecto y modificarlo por tu cuenta
3,M,Fundador de FSF y defensor del software libre,"Código abierto, reconocimiento de autoría, compartición libre.",No,Sí,Sí,"GPL, WTFPL","No, porque es para temas de arte e inteligencia","Eclipse, Mozilla Firefox, Telegram",Derecho a reconocer tu autoría,NS/NC,Copyright,50 - 70 años,Pasa a ser dominio público,Sí,No,Copiar un proyecto ya existente de otro usuario
3,M,"Funcador de FSF, creador de GNU y Emacs",NS/NC,No,Sí,Sí,"MIT, Apache, GPL, WTFPL","No, CC es para arte y no para código","Eclipse, Mozilla Firefox, Telegram",Derecho a no reproducir la obra de alguien,Derecho a reproducir la obra de alguien,Copyright,50 años después de la muerte del autor,Dominio público,Sí,Sí,Copiar el repositorio de otro y desarrollar por tu cuenta para luego hacer un pull request o generar otra rama de un proyecto.
3,M,NS/NC,Permisos para modificación y acceso al código,No,NS/NC,NS/NC,,NS/NC,Telegram,NS/NC,NS/NC,NS/NC,NS/NC,NS/NC,Sí,Sí,NS/NC
4,M,"Fundador de GNU, desarrollador software (Debian), software libre",Puede copiarse,NS/NC,Sí,Sí,"GPL, GNU",NS/NC,"Eclipse, Mozilla Firefox, Telegram",Licencia privativa que protege la obra frente a copias,"Licencia que permite la libre distribución, copia y adaptación de la obra",NS/NC,NS/NC,NS/NC,Sí,No,"Adaptar el código ampliándolo, añadiendo funcionalidades o cambiando algunas cosas"
4,M,Uno de los precursores del Software Libre,"Se puede copiar, manipular y distribuir de forma gratuita",Sí,Sí,Sí,CC,Depende del código,Mozilla Firefox,NS/NC,NS/NC,NS/NC,NS/NC,NS/NC,Sí,No,NS/NC
4,M,Creador del software libre,NS/NC,NS/NC,Sí,No,,NS/NC,"Eclipse, Mozilla Firefox, Telegram",NS/NC,NS/NC,NS/NC,NS/NC,NS/NC,No,No,NS/NC
4,M,Creador de GNU,Puede ser modificado por terceros,No,Sí,Sí,"Copyright, CC","Sí, si quisiera que otros pudieran usar mi código pero no perder la autoría sobre él","uTorrent, Eclipse, Mozilla Firefox, Telegram",Impide la copia de archivos u obras al poseer los derechos,No existe,Ninguna,50 años,Dominio público,Sí,No,Dividir el proyecto en dos copias iguales para que cada uno se desarrolle en direcciones distintas
4,M,Creador de GNU,Libre acceso al código fuente,No,Sí,Sí,"GPL, CC",Depende del código.,"Eclipse, Mozilla Firefox","Derechos de autoría, el uso lo cede el autor",Contrario a copyright.,NS/NC,NS/NC,NS/NC,Sí,No,Ramificar el proyecto para hacer una versión alternativa
4,M,NS/NC,Gratuito,Sí,Sí,No,,NS/NC,"Google Chrome, Mozilla Firefox",Derecho de no dejar de copiar el programa sin permiso.,NS/NC,Utilidades limitadas,NS/NC,Gratis,No,No,NS/NC
4,M,Promotor del software libre,NS/NC,NS/NC,Sí,No,,NS/NC,"Eclipse, Mozilla Firefox, Telegram",NS/NC,NS/NC,NS/NC,NS/NC,NS/NC,No,No,NS/NC
4,F,El de software libre,Disponible para todos,NS/NC,Sí,No,,NS/NC,"uTorrent, Eclipse, Mozilla Firefox, Telegram",Licencia - derecho de autor,Software libre,Copyleft,NS/NC,NS/NC,Sí,No,NS/NC
3,M,NS/NC,Se pueden hacer modificaciones en él.,No,Sí,No,,NS/NC,"uTorrent, Mozilla Firefox",El derecho es del que lo ha creado,Se pueden distribuir copias modificadas,NS/NC,NS/NC,Es de cualquier persona,Sí,No,NS/NC
3,M,NS/NC,NS/NC,NS/NC,Sí,Sí,CC,NS/NC,,Derechos de autor,NS/NC,NS/NC,70 años,Pasa a ser dominio público,Sí,No,NS/NC
3,M,NS/NC,Puede ser instalado sin licencia y en varios sistemas operativos,Sí,Sí,Sí,VMWare,NS/NC,"Google Chrome, uTorrent, Mozilla Firefox, Telegram",Derechos de autor,NS/NC,NS/NC,20 años,NS/NC,Sí,No,NS/NC
4,M,El tío que ha dado 3 veces la misma conferencia y se acaba de comprar un Libreboot T400,NS/NC,No,Sí,Sí,"GPL, CC","Sí, mi código se podría leer, modificar y mejorar","Eclipse, Mozilla Firefox, Telegram",Protección de creación,Ausencia de protección,Copyleft,Mucho,Se amplía,Sí,Sí,Lo contrario al merge
4,M,Tengo un portatil firmado por él,NS/NC,Sí,Sí,Sí,"CC, GPL, Apache, BSD, LGPL",Sí,"Eclipse, Mozilla Firefox, Telegram",Derechos sobre tus obras,Renuncia a ciertos derechos en favor de la comunidad,Copyright,NS/NC,Pasa a ser dominio público,Sí,Sí,Hacer una copia para trabajar sobre ella
2,F,Un amable señor que desarrolla y defiende el software libre,Permite acceso a su código y modificaciones de este,No,Sí,Sí,CC,"Sí, ayuda a la mejora de los programas por terceros","uTorrent, Eclipse, Telegram",Forma de reconocimiento de autoría de una propiedad intelectual,NS/NC,NS/NC,NS/NC,Pasa a ser compartida sin pagar derechos de autor,Sí,No,División en el desarrollo del proyecto de la que salen dos ramas al menos
3,F,Hombre que defiende el software libre y ha venido varias veces a dar conferencias,Software de código libre,No,Sí,No,,NS/NC,"Eclipse, Telegram","Derechos de algo, no puedes utilizarlo sin ello",NS/NC,Copyleft,5 años,Se puede utilizar,Sí,Sí,Crear un proceso nuevo que siga el código simultáneamente
3,M,Un hippie,Yo programo lo que quiero sin que me manden,NS/NC,NS/NC,No,,NS/NC,"uTorrent, Eclipse, Telegram",Si haces algo y tiene copyright te multan,NS/NC,NS/NC,NS/NC,Se puede plagiar,No,No,Copia en sistemas operativos
1,F,NS/NC,NS/NC,NS/NC,No,No,,No,"Google Chrome, Mozilla Firefox",Derechos de autor,NS/NC,Copyleft,1 año,Hay que renovarlo,No,No,NS/NC
1,M,NS/NC,NS/NC,NS/NC,NS/NC,NS/NC,,NS/NC,"Google Chrome, Mozilla Firefox",Derecho del autor sobre las copias de sus obras,NS/NC,NS/NC,NS/NC,NS/NC,Sí,No,NS/NC
1,F,NS/NC,NS/NC,NS/NC,Sí,No,,NS/NC,"Google Chrome, Mozilla Firefox",Tienes derechos sobre el programa y puedes cobrar por el uso del mismo,NS/NC,NS/NC,NS/NC,Gratuito,No,No,NS/NC
1,F,NS/NC,NS/NC,NS/NC,Sí,No,,NS/NC,"Google Chrome, Mozilla Firefox",NS/NC,NS/NC,NS/NC,NS/NC,Gratuito,No,No,NS/NC
1,F,NS/NC,Código abierto,No,Sí,No,,"No, porque permite ver el código; no se modificaría en el propio archivo pero sí en el exterior.","Eclipse, Mozilla Firefox",Derechos de autor,Te permite compartir copias y / o modificaciones,Copyleft,Hasta la muerte del autor,Renovación del copyright o liberación del código,No,No,NS/NC
2,M,NS/NC,Software creada por gente anónima cuya distribución por internet es sin ánimo de lucro,Sí,No,Sí,Licencias ofrecidas por empresas,Depende de a que esté destinado,"uTorrent, Eclipse",Imposibilidad de copiar parte o totalidad de un producto por los derechos de autor,NS/NC,NS/NC,NS/NC,NS/NC,No,No,NS/NC
2,M,NS/NC,"Disponible para todos, sin ningún tipo de suscripción",No,Sí,Sí,CC,"Sí, porque me parece útil que el código esté disponible para otros estudiantes.","uTorrent, Eclipse",Derechos de la obra,obra libre,Copyleft,10,Cualquiera puede hacer uso de ella,Sí,No,NS/NC
2,M,Defensor del software libre,Libertad de acceso y modificación del software,NS/NC,No,No,,"No, no utilizaría ningún tipo de licencia",Mozilla Firefox,Derechos de publicación y uso,NS/NC,NS/NC,20 años después de la muerte del autor,NS/NC,Sí,No,Tenedorear un proyecto
2,M,El de software libre,NS/NC,NS/NC,No,Sí,CC,NS/NC,"Google Chrome, Eclipse, Mozilla Firefox, Microsoft Office",Derecho de autor para proteger su proyecto,NS/NC,NS/NC,5 años,Deja de existir,No,No,NS/NC
2,M,Sólo cree en el software libre,"Puedes modificar, copiar, mejorar",NS/NC,No,No,,"Sí, para poder mejorar el código","Eclipse, Telegram",Copia de contenido,NS/NC,NS/NC,25 años,NS/NC,Sí,Sí,"Hacer una copia sobre la que trabajan, de manera que pueden modificar un proyecto con regularidad"
2,M,Creador de GNU / Linux,El código es público,No,No,No,,CC creo que es que el usuario es libre de utilizar el material pero tiene que decir que ese material es del autor,"Eclipse, Telegram",Derechos de autor para proteger la propiedad intelectual,NS/NC,NS/NC,60 años después de la muerte del autor,NS/NC,No,No,NS/NC
2,M,Uno de los desarrolladores / fundadores de GNU y Linux,Gratis y modificable,Sí,No,No,,"Depende, solo liberar un código en el que quiero que intervengan","Eclipse, Telegram",Derecho de autor,NS/NC,NS/NC,60 años tras la muerte del autor,NS/NC,No,No,NS/NC
2,F,Código libre,Sí,Sí,No,Sí,GPL,"No, mi código es propio","Google Chrome, uTorrent, Mozilla Firefox, Telegram",Patentación de una marca u objeto para que no te la copien,NS/NC,Copyright,100 años,NS/NC,No,No,NS/NC
3,M,NS/NC,Código del software abierto,Sí,NS/NC,NS/NC,,,"Google Chrome, Eclipse, Mozilla Firefox",Derecho de copia,NS/NC,Copyleft,NS/NC,Abierta al público,Sí,No,NS/NC
3,M,Gran precursor del software libre,Gratuito,Sí,Sí,Sí,CC,"Sí, porque lo importante es darte a conocer y que otros puedan disfrutar de tu trabajo","Eclipse, Mozilla Firefox, Telegram",Derechos reservados de una obra,NS/NC,NS/NC,75 años,Libre para todo el mundo,Sí,No,"Dividir un proyecto, o crear una rama mientras desarrollas"
3,M,Quien inició las licencias de software libre,Puedes ver y editar el código para tu propio beneficio,No,Sí,Sí,,NS/NC,"Google Chrome, Eclipse, Mozilla Firefox",Derechos de autor,Sin derechos de autor,Copyleft,NS/NC,NS/NC,Sí,No,NS/NC
3,M,NS/NC,Al adquirir el producto tienen que entregarte el código fuente y puedes modificarlo,No,Sí,No,,NS/NC,"Google Chrome, Eclipse, Mozilla Firefox, Telegram",Derechos de autor,NS/NC,NS/NC,NS/NC,NS/NC,Sí,No,NS/NC
3,M,"Fundador de GNU, desarrollador software (Debian), software libre",Público,No,Sí,Sí,CC,"Sí, me parece positivo que otros puedan continuar modificándolo y mejorándolo","Eclipse, Mozilla Firefox, Telegram",Licencia para proteger un determinado producto de la copia,NS/NC,NS/NC,NS/NC,Se libera,Sí,No,NS/NC
3,M,Fundador de software libre,NS/NC,No,Sí,No,,"Sí, para permitir que cualquiera pueda usarlo","uTorrent, Eclipse, Telegram",Copia y difusión de archivos sin licencia,NS/NC,Copyright,7 años,Se permite la difusión libre de dicho contenido,Sí,Sí,NS/NC
3,F,Informático muy concienciado con el software libre,Se puede ver el código y editarlo y ser multiplataforma,Sí,NS/NC,No,,NS/NC,"Eclipse, Mozilla Firefox, Telegram",Derechos de copia,NS/NC,NS/NC,NS/NC,NS/NC,Sí,No,NS/NC
3,M,NS/NC,Sí,No,Sí,Sí,CC,"Sí, para el desarrollo colaborativo de código y para la mejora de la aplicación","Eclipse, Mozilla Firefox",Derecho de copia,NS/NC,Copyleft,NS/NC,"Cualquier persona puede distribuir, usar el contenido",Sí,Sí,Hacer una ramificación del proyecto principal en distintas ramas
3,M,NS/NC,"Acceso al código, se puede modificar, distribuir",NS/NC,Sí,No,,Depende de la situación del momento,"Google Chrome, Eclipse, Mozilla Firefox",No se puede hacer copia sin derecho de autor,NS/NC,NS/NC,NS/NC,Pasa a ser de todos,Sí,Sí,Crear una rama
3,M,Uno de los creadores de Linux,Siempre puedes ver el código fuente,No,Sí,Sí,"GNU, GPL, CC","Sí, para que la comunidad pudiese mejorarlo","uTorrent, Eclipse, Mozilla Firefox",Derechos de uso,NS/NC,Copyleft,NS/NC,NS/NC,Sí,Sí,Separar del master para desarrollar en otro hilo
1,M,NS/NC,NS/NC,No,NS/NC,NS/NC,,NS/NC,"Google Chrome, uTorrent, Mozilla Firefox",NS/NC,NS/NC,NS/NC,NS/NC,NS/NC,No,No,NS/NC
3,F,NS/NC,Puede ser usado por el resto de personas accediendo al código fuente,NS/NC,Sí,NS/NC,,NS/NC,"uTorrent, Telegram",Derechos de autor,NS/NC,NS/NC,NS/NC,Pasado el tiempo la obra puede ser usada libremente,Sí,Sí,NS/NC
3,M,NS/NC,Acceso al código fuente y podemos modificarlo,No,Sí,Sí,CC,Sí mientras se reconozca la autoría y no se use con fines lucrativos,"uTorrent, Eclipse, Mozilla Firefox",Derechos sobre la obra,NS/NC,Copyleft,NS/NC,NS/NC,Sí,No,"Hacer una ramificación del proyecto bajo tu control, continuar con el código pero sin modificar el principal"
3,M,"Un físico. Creador de GNU / Linux, Emacs, compiladores.",Sí,No,Sí,Sí,"CC, MIT","No, viva el software privado","Mozilla Firefox, Telegram",NS/NC,NS/NC,NS/NC,NS/NC,NS/NC,Sí,Sí,"Copiar un repositorio para poder hacer cambios locales, pushear los cambios y luego mandar un pull request al repositorio original, o simplemente poder trabajar sobre tu copia"
3,M,Creador de GNU,Debe cumplir las 4 leyes,No,Sí,Sí,CC,"Sí, siempre es recomendable aparecer como autor de tu código y que se haga mención a tus trabajos",Eclipse,NS/NC,NS/NC,NS/NC,NS/NC,NS/NC,Sí,Sí,Copiar un repositorio de GitHub para realizar tus propias contribuciones
3,M,Hace cosas en GNU,"Código abierto, licencia GNU o similar, libre de ser distribuido o modificado",No,Sí,Sí,"CC, GNU","Sí, considero que la base del progreso tecnológico y social debe ser la colaboración","uTorrent, Mozilla Firefox, Telegram",NS/NC,NS/NC,NS/NC,NS/NC,NS/NC,Sí,Sí,"Hacer una ramificación para abrir un nuevo camino de desarrollo, generando una versión modificada"
3,F,NS/NC,Se ve como está implementado todo,Sí,Sí,No,,NS/NC,uTorrent,NS/NC,NS/NC,NS/NC,NS/NC,NS/NC,No,No,NS/NC
4,M,NS/NC,Gratis,Sí,No,No,,NS/NC,"uTorrent, Eclipse, Mozilla Firefox",No se puede copiar ni descargar,NS/NC,Copyright,Para siempre,Pasa a los hijos,Sí,No,Copiar el proyecto en uno nuevo
3,M,ARTIFICE DE GNU/LINUX,Se permite la distribución y la modificación,NS/NC,Sí,Sí,CREATIVE COMMONS,No me importaría siempre y cuando se reconozca mi autoría.,Eclipse,Derechos reservados,Derechos no reservados,Copyleft,NS/NC,NS/NC,Sí,No,NS/NC
3,M,Creador de GNU,"Codigo abierto, puede ser modificad por cualquier persona.",NS/NC,Sí,No,No lo sé,NS/NC,"Eclipse, Telegram",Derechos de autor,¿Existe?,NS/NC,NS/NC,NS/NC,No,No,Clonar un proyecto
3,M,Un hombre que cogió la base dey creo GNU/LINUX.,Que no depende de los creadores de placas por ejemplo que hacen lo que quieren.,No,Sí,Sí,SO libre por ejemplo. Debian.,Si ayuda a los demás sí.,Eclipse,Permite que alguien no se adjudique de un trabajo que no es de él.,NS/NC,NS/NC,NS/NC,NS/NC,Sí,No,"Supongo que coger la base de un proyecto para partir de ahí, y luego pasarselo a otra persona."
2,F,NS/NC,NS/NC,NS/NC,NS/NC,Sí,La licencia de microsoft,NS/NC,"Google Chrome, Microsoft Office, Eclipse",La copia del código de un trabajo que hayas hecho.,NS/NC,NS/NC,20 años,NS/NC,No,No,NS/NC
2,M,NS/NC,NS/NC,NS/NC,No,No,NS/NC,NS/NC,"Google Chrome, uTorrent",Es la marca registrada que tienes sobre algo y tu derecho sobre ella.,NS/NC,NS/NC,NS/NC,NS/NC,No,No,NS/NC
2,M,NS/NC,NS/NC,Sí,No,No,NS/NC,NS/NC,Mozilla Firefox,Lucrarse a costa del trabajo de otra persona. ,NS/NC,NS/NC,NS/NC,NS/NC,No,No,NS/NC
1,F,NS/NC,NS/NC,NS/NC,Sí,NS/NC,NS/NC,NS/NC,"Google Chrome, Microsoft Office.",NS/NC,NS/NC,NS/NC,NS/NC,NS/NC,Sí,No,NS/NC
1,F,NS/NC,Que cualquier usuario puede acceder de forma gratuita a ese programa o sistema.,Sí,Sí,No,NS/NC,NS/NC,,"Coiar los derechos, copiar el formato de algo ya creado por otra persona.",NS/NC,NS/NC,Para siempre,NS/NC,Sí,No,NS/NC
1,F,NS/NC,El código puede ser visto por otros usuarios.,Sí,Sí,No,NS/NC,NS/NC,Eclipse,"Es derecho que tienes de un proyecto, aplicación, etc.",NS/NC,Copyright,NS/NC,NS/NC,Sí,No,NS/NC
1,M,NS/NC,NS/NC,No,NS/NC,No,NS/NC,No,"uTorrent, Telegram",NS/NC,NS/NC,NS/NC,NS/NC,NS/NC,No,No,NS/NC
2,M,NS/NC,NS/NC,No,No,No,NS/NC,NS/NC,"uTorrent, Eclipse",Los derechos de autor sobre una obra,NS/NC,Copyleft,NS/NC,NS/NC,No,No,NS/NC
2,F,Uno de los principales desarrolladores y promotores del software libre.,Se trata de un software cuyo código es libremente accesible.,NS/NC,Sí,No,NS/NC,Siempre que sirviera para yudar a los demás y no afecte a mi empleo/trabajo como profesional. ,"Google Chrome, Eclipse, Telegram",Es la licencia que hace que todo trabajo tenga un autor reconocido,NS/NC,Copyleft,70 años,Puede usarse sin pagar derechos de autor.,Sí,No,NS/NC
2,M,NS/NC,Es de código abierto,No,Sí,Sí,"SPL, WTFPL, MIT,Apache,GPL.",NS/NC,"Google Chrome, Eclipse, Telegram, uTorrent, Mozilla Firefox.",NS/NC,NS/NC,NS/NC,NS/NC,NS/NC,Sí,Sí,Duplicar un repertorio a una cuenta propia para trabajar con él. Da la posibilidad de hacer Pull Request.
1,M,NS/NC,Que puedes acceder al código de una forma más abierta y modificarlo a tu antojo.,NS/NC,Sí,Sí,Mozilla firefox,"Si, para compartir mi obra con mas gente sabiendo que es de mi autoría.","Mozilla Firefox, Telegram, Eclipse",Es un mecanismo para proteger la autoría de tu obra.,NS/NC,Copyleft,NS/NC,NS/NC,No,No,NS/NC
1,M,NS/NC,Es aquel por el que no es necesario pagar ninguna tarifa por su uso.,Sí,Sí,No,NS/NC,Sí,"uTorrent, Eclipse, Mozilla Firefox.",Son los derechos reservados a un producto o aplicación,NS/NC,NS/NC,NS/NC,NS/NC,No,No,No lo se.
1,M,El impulsor del software libre.,No. Sim embargo su licencia puede ser compartida si se reconoce el crédito del autor.,NS/NC,Sí,Sí,"Cretive Commons, copyright, copyleft...","Sí, creo que puede ser de utilidad general y provecho de todos.","uTorrent, Eclipse, Mozilla Firefox, Telegram.",Derechos de autor y pago del contenido.,NS/NC,Copyleft,NS/NC,Pasa al uso libre.,Sí,No,NS/NC
3,M,Creador de Linux,Cualquier usuario puede acceder a ese código para su uso y edición.,Sí,No,No,NS/NC,Si mi intención es realizar software sí. Si pretendo patentar el producto No.,"uTorrent, Telegram, Eclipse.",Derechos de autor para protegerla copia de un producto.,No existe.,Copyright,NS/NC,Pasa a propiedad pública,Sí,Sí,Crear un proceso nuevo que es una copia del proceso actual.
3,F,"Un pirao que defiende el software libre, va descalzo y es un amo.",Codigo abierto.,Si y no,Sí,No,NS/NC,NS/NC,Telegram,Los derechos que tiene alguien sobre algo.,NS/NC,NS/NC,NS/NC,NS/NC,Sí,No,Duplicar un proyecto.
1,M,El padre (fundador del movimiento) del software libre.,"Libertad de copiar, modificar el código, crear tus propias versiones y colaborar con la comunidad.",NS/NC,Sí,Sí,GPL,"No , porque no protege el sentido de la libertad cultural informática en la misma medida de la licencia GPL.","Eclipse, Telegram, Mozilla Firefox.",Derechos de autor a cobrar por su obra,"Se reconoce al autor, pero se permite que el contenido de su obra sea adquirido por cualquiera para su uso, estudio, modificación..",NS/NC,60 años,Cualquiera puede usarla libremente.,Sí,No,Una rama de un proyecto (una versión de un mismo proyecto)
Erasmus,M,The man that founded the open source OS linux.,NS/NC,Sí,No,Sí,Apache,"Yes, I have an account on Githun and my code is open for my small projects, but not with the code i work.",Telegram,"The copyright is the right for the owner of the creation to defend, reproduce and sell his creation.",NS/NC,NS/NC,70 años in EEUU,NS/NC,Sí,Sí,Is a creation of a new branch of the original project.
